Model,Accuracy,Precision,Sensitivity,Specificity,F1 Score,AUC
XGBoost,88.83619047619048,87.8818184415807,87.11143840369337,90.23789519721018,87.49493268471697,95.48759004962741
AdaBoost,88.49714285714285,86.93364101986829,87.4938042570065,89.31255538803273,87.21282317318483,95.26849617222052
Logistic Regression,88.31174603174603,86.61691263116548,87.43998980357725,89.02022166722294,87.02650514105301,95.10116271767501
Random Forest,88.25460317460318,86.90584102883689,86.89476442014926,89.35974311462014,86.9003023715275,94.86175948304405
Naive Bayes,87.15873015873015,85.16161446993803,86.41468284876723,87.76341685177299,85.78357290971074,93.87991491827967
Bagging,86.98857142857143,86.7491787893008,83.77494229107954,89.60028542819984,85.2361226180613,93.25957205663585
KNN,86.64888888888889,84.19608005406822,86.4472547547902,86.81275679906085,85.30681834062356,92.23477068816153
Decision Tree,82.45904761904762,80.07780794312744,81.03606984549587,83.61550059272388,80.5540891526068,82.32578521910987
